{
  "ratios_distance_over_tag_size": [
    7.5,
    10.0,
    13.333333,
    15.0,
    16.666667,
    20.833333,
    26.666667,
    33.333333
  ],
  "widths_px": [
    960,
    400,
    300,
    200,
    150,
    100
  ],
  "scale_factors": [
    0.5,
    1.0,
    2.0,
    10.0
  ],
  "mean_detected_count": [
    [
      8.0,
      8.0,
      8.0,
      6.0,
      8.0,
      0.0
    ],
    [
      24.0,
      24.0,
      24.0,
      20.0,
      1.0,
      0.0
    ],
    [
      36.0,
      36.0,
      18.0,
      16.0,
      1.0,
      0.0
    ],
    [
      36.0,
      26.0,
      20.0,
      0.0,
      0.0,
      0.0
    ],
    [
      36.0,
      25.0,
      3.0,
      0.0,
      0.0,
      0.0
    ],
    [
      36.0,
      14.0,
      9.0,
      0.0,
      0.0,
      0.0
    ],
    [
      36.0,
      9.0,
      0.0,
      0.0,
      0.0,
      0.0
    ],
    [
      24.0,
      0.0,
      0.0,
      0.0,
      0.0,
      0.0
    ]
  ],
  "min_detected_count": [
    [
      8.0,
      8.0,
      8.0,
      6.0,
      8.0,
      0.0
    ],
    [
      24.0,
      24.0,
      24.0,
      20.0,
      1.0,
      0.0
    ],
    [
      36.0,
      36.0,
      18.0,
      16.0,
      1.0,
      0.0
    ],
    [
      36.0,
      26.0,
      20.0,
      0.0,
      0.0,
      0.0
    ],
    [
      36.0,
      25.0,
      3.0,
      0.0,
      0.0,
      0.0
    ],
    [
      36.0,
      14.0,
      9.0,
      0.0,
      0.0,
      0.0
    ],
    [
      36.0,
      9.0,
      0.0,
      0.0,
      0.0,
      0.0
    ],
    [
      24.0,
      0.0,
      0.0,
      0.0,
      0.0,
      0.0
    ]
  ],
  "max_detected_count": [
    [
      8.0,
      8.0,
      8.0,
      6.0,
      8.0,
      0.0
    ],
    [
      24.0,
      24.0,
      24.0,
      20.0,
      1.0,
      0.0
    ],
    [
      36.0,
      36.0,
      18.0,
      16.0,
      1.0,
      0.0
    ],
    [
      36.0,
      26.0,
      20.0,
      0.0,
      0.0,
      0.0
    ],
    [
      36.0,
      25.0,
      3.0,
      0.0,
      0.0,
      0.0
    ],
    [
      36.0,
      14.0,
      9.0,
      0.0,
      0.0,
      0.0
    ],
    [
      36.0,
      9.0,
      0.0,
      0.0,
      0.0,
      0.0
    ],
    [
      24.0,
      0.0,
      0.0,
      0.0,
      0.0,
      0.0
    ]
  ],
  "std_detected_count_across_scales": [
    [
      0.0,
      0.0,
      0.0,
      0.0,
      0.0,
      0.0
    ],
    [
      0.0,
      0.0,
      0.0,
      0.0,
      0.0,
      0.0
    ],
    [
      0.0,
      0.0,
      0.0,
      0.0,
      0.0,
      0.0
    ],
    [
      0.0,
      0.0,
      0.0,
      0.0,
      0.0,
      0.0
    ],
    [
      0.0,
      0.0,
      0.0,
      0.0,
      0.0,
      0.0
    ],
    [
      0.0,
      0.0,
      0.0,
      0.0,
      0.0,
      0.0
    ],
    [
      0.0,
      0.0,
      0.0,
      0.0,
      0.0,
      0.0
    ],
    [
      0.0,
      0.0,
      0.0,
      0.0,
      0.0,
      0.0
    ]
  ],
  "max_std_detected_count_across_scales": 0.0,
  "best_ratio_by_width_mean": {
    "960": {
      "ratio": 13.333333,
      "mean_detected_count": 36.0,
      "min_detected_count_at_ratio": 36.0
    },
    "400": {
      "ratio": 13.333333,
      "mean_detected_count": 36.0,
      "min_detected_count_at_ratio": 36.0
    },
    "300": {
      "ratio": 10.0,
      "mean_detected_count": 24.0,
      "min_detected_count_at_ratio": 24.0
    },
    "200": {
      "ratio": 10.0,
      "mean_detected_count": 20.0,
      "min_detected_count_at_ratio": 20.0
    },
    "150": {
      "ratio": 7.5,
      "mean_detected_count": 8.0,
      "min_detected_count_at_ratio": 8.0
    },
    "100": {
      "ratio": 7.5,
      "mean_detected_count": 0.0,
      "min_detected_count_at_ratio": 0.0
    }
  },
  "scale_invariance_image_diff": {
    "comparisons_1x_vs_10x": [
      {
        "ratio": 7.5,
        "mean_abs_pixel_diff": 0.003287037037037037,
        "max_abs_pixel_diff": 1
      },
      {
        "ratio": 10.0,
        "mean_abs_pixel_diff": 0.0002445023148148148,
        "max_abs_pixel_diff": 1
      },
      {
        "ratio": 13.333333,
        "mean_abs_pixel_diff": 0.00013165509259259258,
        "max_abs_pixel_diff": 1
      },
      {
        "ratio": 15.0,
        "mean_abs_pixel_diff": 0.00012297453703703702,
        "max_abs_pixel_diff": 1
      },
      {
        "ratio": 16.666667,
        "mean_abs_pixel_diff": 0.00012008101851851852,
        "max_abs_pixel_diff": 1
      },
      {
        "ratio": 20.833333,
        "mean_abs_pixel_diff": 7.378472222222222e-05,
        "max_abs_pixel_diff": 1
      },
      {
        "ratio": 26.666667,
        "mean_abs_pixel_diff": 0.0001171875,
        "max_abs_pixel_diff": 1
      },
      {
        "ratio": 33.333333,
        "mean_abs_pixel_diff": 5.787037037037037e-05,
        "max_abs_pixel_diff": 1
      }
    ],
    "max_mean_abs_pixel_diff": 0.003287037037037037,
    "max_abs_pixel_diff": 1
  }
}