{
  "schema_version": 1,
  "model": "pinhole",
  "image_size": [
    720,
    720
  ],
  "family": "36h11",
  "source_manifest": "Motordriver\\stereo_calibration_data_static\\manifest.json",
  "validation_source": "held-out captures from calibration dataset",
  "training_capture_count": 26,
  "training_observation_count": 78,
  "coverage": {
    "left": {
      "occupied_grid_cells_3x3": 8,
      "grid_cells": [
        [
          0,
          0
        ],
        [
          0,
          1
        ],
        [
          0,
          2
        ],
        [
          1,
          0
        ],
        [
          1,
          1
        ],
        [
          1,
          2
        ],
        [
          2,
          0
        ],
        [
          2,
          1
        ]
      ],
      "max_side_ratio": 1.2240251336749135
    },
    "right": {
      "occupied_grid_cells_3x3": 8,
      "grid_cells": [
        [
          0,
          1
        ],
        [
          0,
          2
        ],
        [
          1,
          0
        ],
        [
          1,
          1
        ],
        [
          1,
          2
        ],
        [
          2,
          0
        ],
        [
          2,
          1
        ],
        [
          2,
          2
        ]
      ],
      "max_side_ratio": 1.236707740733176
    }
  },
  "left": {
    "camera_matrix": [
      [
        442.2870191508284,
        0.0,
        353.93686018266584
      ],
      [
        0.0,
        443.56032347285884,
        352.885662061804
      ],
      [
        0.0,
        0.0,
        1.0
      ]
    ],
    "distortion_coefficients": [
      -0.17346450132450544,
      -0.010232176510339362,
      0.0005933569546373993,
      -0.0003947777749230119,
      0.016709445922249985
    ],
    "training_rms_px": 0.18513442659040413
  },
  "right": {
    "camera_matrix": [
      [
        440.58231378699793,
        0.0,
        368.3317902517207
      ],
      [
        0.0,
        441.62781686586845,
        343.85972060808535
      ],
      [
        0.0,
        0.0,
        1.0
      ]
    ],
    "distortion_coefficients": [
      -0.12627741790283484,
      -0.08737158594786669,
      -0.0008515565301012717,
      0.00048784398911020673,
      0.05319134919703517
    ],
    "training_rms_px": 0.24413809945889856
  },
  "stereo": {
    "rotation_left_to_right": [
      [
        -0.9992171062354832,
        0.03764724340507393,
        -0.01215975618119981
      ],
      [
        -0.037943801083705986,
        -0.9989631974817897,
        0.025155477261997686
      ],
      [
        -0.01120011453991709,
        0.025597170565471634,
        0.9996095949386112
      ]
    ],
    "translation_left_to_right_mm": [
      1.0742014101939645,
      5.17189914478494,
      -0.036102081454383254
    ],
    "D_mm": 5.282276917531861,
    "lateral_D_mm": 5.282276917531861,
    "axial_offset_mm": 0.036102081454383254,
    "camera_center_separation_3d_mm": 5.282400287158787,
    "joint_reprojection_rms_px": 0.6108824821535729,
    "diagnostics": {
      "method": "joint intrinsics/extrinsics stereoCalibrate using rigid tag-strip layout",
      "input_tag_observations": 78,
      "board_capture_count": 26,
      "board_capture_ids": [
        2,
        3,
        4,
        6,
        8,
        9,
        10,
        11,
        12,
        13,
        14,
        15,
        17,
        18,
        19,
        20,
        21,
        22,
        23,
        25,
        26,
        27,
        28,
        29,
        30,
        31
      ],
      "reference_tag_id": 1,
      "layout_source": "measured rigid strip with 2.14 mm edge-to-edge gap",
      "tag_gap_mm": 2.14,
      "layout_estimate_count": 156,
      "layout_rms_mm": 0.4806707182215834,
      "layout_max_error_mm": 2.002009734586072,
      "layout_tag_corners_mm": {
        "1": [
          [
            -5.309999837524846,
            5.3099999193246905
          ],
          [
            5.310000162475153,
            5.3099999193246905
          ],
          [
            5.310000162475153,
            -5.310000080675309
          ],
          [
            -5.309999837524846,
            -5.310000080675309
          ]
        ],
        "2": [
          [
            -18.06989414492844,
            5.258064730008743
          ],
          [
            -7.449894144928442,
            5.258064730008743
          ],
          [
            -7.449894144928442,
            -5.361935269991256
          ],
          [
            -18.06989414492844,
            -5.361935269991256
          ]
        ],
        "3": [
          [
            -30.829788452332036,
            5.206129540692795
          ],
          [
            -20.209788452332038,
            5.206129540692795
          ],
          [
            -20.209788452332038,
            -5.413870459307204
          ],
          [
            -30.829788452332036,
            -5.413870459307204
          ]
        ]
      },
      "per_capture_independent_pose_diagnostics": [
        {
          "capture_id": 2,
          "D_mm": 7.243638106783318,
          "rotation_error_to_fit_deg": 1.6697862230346574
        },
        {
          "capture_id": 3,
          "D_mm": 5.5458333254801895,
          "rotation_error_to_fit_deg": 0.5674993218864436
        },
        {
          "capture_id": 4,
          "D_mm": 5.726486846549251,
          "rotation_error_to_fit_deg": 0.7321988253494807
        },
        {
          "capture_id": 6,
          "D_mm": 5.612804270921904,
          "rotation_error_to_fit_deg": 0.6253385948690848
        },
        {
          "capture_id": 8,
          "D_mm": 6.108601995093246,
          "rotation_error_to_fit_deg": 1.3727801271285411
        },
        {
          "capture_id": 9,
          "D_mm": 4.7676400423200755,
          "rotation_error_to_fit_deg": 0.7674105116576644
        },
        {
          "capture_id": 10,
          "D_mm": 6.436623329552589,
          "rotation_error_to_fit_deg": 1.4102782368068694
        },
        {
          "capture_id": 11,
          "D_mm": 5.264044998054433,
          "rotation_error_to_fit_deg": 0.934213722486158
        },
        {
          "capture_id": 12,
          "D_mm": 4.927021076087329,
          "rotation_error_to_fit_deg": 1.4478801101424612
        },
        {
          "capture_id": 13,
          "D_mm": 7.700133712312621,
          "rotation_error_to_fit_deg": 2.8707803391746185
        },
        {
          "capture_id": 14,
          "D_mm": 4.987863269803336,
          "rotation_error_to_fit_deg": 0.46803241636355525
        },
        {
          "capture_id": 15,
          "D_mm": 4.344973949787439,
          "rotation_error_to_fit_deg": 1.2825149652888819
        },
        {
          "capture_id": 17,
          "D_mm": 5.675081563724044,
          "rotation_error_to_fit_deg": 1.6043627670880767
        },
        {
          "capture_id": 18,
          "D_mm": 4.440836827153431,
          "rotation_error_to_fit_deg": 0.6552458840323724
        },
        {
          "capture_id": 19,
          "D_mm": 3.8430126587598727,
          "rotation_error_to_fit_deg": 1.070500031995313
        },
        {
          "capture_id": 20,
          "D_mm": 5.033707148069696,
          "rotation_error_to_fit_deg": 0.4510507031206154
        },
        {
          "capture_id": 21,
          "D_mm": 6.269091538762809,
          "rotation_error_to_fit_deg": 1.1144034754161598
        },
        {
          "capture_id": 22,
          "D_mm": 4.111580329585757,
          "rotation_error_to_fit_deg": 1.6306009030363018
        },
        {
          "capture_id": 23,
          "D_mm": 2.661525668592927,
          "rotation_error_to_fit_deg": 2.6850611934703386
        },
        {
          "capture_id": 25,
          "D_mm": 5.432268060425199,
          "rotation_error_to_fit_deg": 3.124632076907022
        },
        {
          "capture_id": 26,