{
  "tag_edge_mm": 6.834613188349155,
  "stage_axis": "axis1",
  "stage_axis_dir_sheet": [
    -0.2524956206495533,
    -0.9662664967329799,
    -0.05074464350225425
  ],
  "step_mm": 20.0,
  "focal_px": 800.0
}