{
  "tip_mm": [
    -21.130247630793292,
    -0.6522111769363942,
    139.40863087572023
  ],
  "tip_units": [
    -1.9896655019579375,
    -0.06141348182075276,
    13.126989724644092
  ],
  "probe_axis": [
    0.047500867118257344,
    0.008115478410110191,
    -0.9988382284600388
  ],
  "baseline_dir": [
    -0.7126694358141766,
    0.7013158288444067,
    0.0160743108277159
  ],
  "tilt_from_sheet_normal_deg": 2.7621041587813684,
  "camera_left_mm": [
    -18.72801008056629,
    -3.0161784441644635,
    139.35444823349673
  ],
  "camera_right_mm": [
    -23.5324851810203,
    1.711756090291675,
    139.46281351794377
  ],
  "distance_left_mm": 139.35444823349673,
  "distance_right_mm": 139.46281351794377,
  "tag_edge_mm": 10.62,
  "scale_source": "tag-edge",
  "camera_separation_mm": 6.741519783243156,
  "roll_left_deg": -113.15723772644388,
  "roll_right_deg": 66.00643014391576,
  "reprojection_error_px": {
    "left": 0.17543240890733028,
    "right": 0.17419485998184495
  },
  "tag_ids": {
    "left": [
      1,
      2,
      3
    ],
    "right": [
      1,
      2,
      3
    ]
  },
  "layout_tag_edge_units": {
    "1": [
      [
        0.7197540516902218,
        0.5026077055315389
      ],
      [
        1.6894747307284368,
        0.49219137815837566
      ],
      [
        1.6886366460694802,
        -0.4927696032606113
      ],
      [
        0.7179246025253587,
        -0.4965698537264899
      ]
    ],
    "2": [
      [
        -0.4999999999999998,
        0.5000000000000009
      ],
      [
        0.49999999999999933,
        0.5000000000000004
      ],
      [
        0.5000000000000004,
        -0.49999999999999994
      ],
      [
        -0.4999999999999998,
        -0.49999999999999983
      ]
    ],
    "3": [
      [
        -1.7182331785668594,
        0.49772595130116815
      ],
      [
        -0.7185537583984536,
        0.494583847893183
      ],
      [
        -0.7199439730618795,
        -0.5015576769892479
      ],
      [
        -1.7164649160886396,
        -0.49432467547400827
      ]
    ]
  },
  "focal_px": 800.0,
  "camera_model": "assumed-pinhole"
}