{
  "tip_mm": [
    -20.800631403495316,
    -2.3037512522768147,
    139.40898361317545
  ],
  "tip_units": [
    -1.9586281924195212,
    -0.21692572996956824,
    13.127022939093733
  ],
  "probe_axis": [
    0.04532983914384754,
    0.0196634817385104,
    -0.9987785305907972
  ],
  "baseline_dir": [
    -0.6355925319070086,
    0.7719358605894628,
    0.011711554979753335
  ],
  "tilt_from_sheet_normal_deg": 2.8321949497018726,
  "camera_left_mm": [
    -17.94075049457638,
    -5.777115899885206,
    139.35628687616398
  ],
  "camera_right_mm": [
    -23.660512312414248,
    1.1696133953315762,
    139.4616803501869
  ],
  "distance_left_mm": 139.35628687616398,
  "distance_right_mm": 139.4616803501869,
  "tag_edge_mm": 10.62,
  "scale_source": "tag-edge",
  "camera_separation_mm": 8.99910167395533,
  "roll_left_deg": -119.52772462835634,
  "roll_right_deg": 59.93971903399363,
  "reprojection_error_px": {
    "left": 0.2732054101856272,
    "right": 0.16280781359142807
  },
  "tag_ids": {
    "left": [
      1,
      2,
      3
    ],
    "right": [
      1,
      2,
      3
    ]
  },
  "layout_tag_edge_units": {
    "1": [
      [
        0.7189268219792111,
        0.5000149892162943
      ],
      [
        1.692440362810327,
        0.4937153836681768
      ],
      [
        1.6848417305738583,
        -0.4959514068426033
      ],
      [
        0.7156615741458796,
        -0.4963279850719572
      ]
    ],
    "2": [
      [
        -0.5000000000000018,
        0.49999999999999994
      ],
      [
        0.5,
        0.4999999999999999
      ],
      [
        0.49999999999999994,
        -0.5000000000000009
      ],
      [
        -0.5000000000000012,
        -0.5000000000000007
      ]
    ],
    "3": [
      [
        -1.7238829417259645,
        0.4929628761467897
      ],
      [
        -0.7240876950533852,
        0.49403166949212296
      ],
      [
        -0.7164977081653803,
        -0.4991354203014227
      ],
      [
        -1.7127119444699606,
        -0.49709102474538625
      ]
    ]
  },
  "focal_px": 800.0
}