{
  "tip_mm": [
    -16.66144828917674,
    -3.081720996962483,
    96.2689747118943
  ],
  "tip_units": [
    -1.5688746035006345,
    -0.29018088483639204,
    9.0648752082763
  ],
  "probe_axis": [
    0.022317288169553175,
    0.036697592436086696,
    -0.9990771868870554
  ],
  "baseline_dir": [
    -0.7767349745453429,
    0.6275863074066264,
    0.05308677870959102
  ],
  "tilt_from_sheet_normal_deg": 2.4616591123293627,
  "camera_left_mm": [
    -14.734619268395619,
    -4.6385602661917025,
    96.13728353126052
  ],
  "camera_right_mm": [
    -18.588277309957856,
    -1.5248817277332638,
    96.40066589252808
  ],
  "distance_left_mm": 96.13728353126052,
  "distance_right_mm": 96.40066589252808,
  "tag_edge_mm": 10.62,
  "scale_source": "tag-edge",
  "camera_separation_mm": 4.961355118350314,
  "roll_left_deg": -108.0404585475091,
  "roll_right_deg": 71.52649286431682,
  "reprojection_error_px": {
    "left": 0.3830883469630952,
    "right": 0.24116665672307055
  },
  "tag_ids": {
    "left": [
      1,
      2,
      3
    ],
    "right": [
      1,
      2,
      3
    ]
  },
  "layout_tag_edge_units": {
    "1": [
      [
        0.7232630981461914,
        0.502263361629872
      ],
      [
        1.695160995312019,
        0.4897761948146234
      ],
      [
        1.6769167113916899,
        -0.4948752130531757
      ],
      [
        0.7135021763101572,
        -0.4947448474801248
      ]
    ],
    "2": [
      [
        -0.49999999999999933,
        0.5000000000000004
      ],
      [
        0.5000000000000009,
        0.5000000000000003
      ],
      [
        0.5000000000000007,
        -0.49999999999999933
      ],
      [
        -0.5,
        -0.4999999999999998
      ]
    ],
    "3": [
      [
        -1.7284256946773404,
        0.4969890191687394
      ],
      [
        -0.7222113813394128,
        0.49774459552182715
      ],
      [
        -0.71682334655489,
        -0.5026845756982076
      ],
      [
        -1.7205958651329227,
        -0.4935884265522389
      ]
    ]
  },
  "focal_px": 550.0
}