{
  "tip_mm": [
    -16.063347152049513,
    -0.871404965188016,
    89.00059354763592
  ],
  "tip_units": [
    -2.3502935293298557,
    -0.12749879783591625,
    13.02203813075386
  ],
  "probe_axis": [
    0.07582726520807484,
    0.015161747036343085,
    -0.9970056906948277
  ],
  "baseline_dir": [
    -0.6931491682940337,
    0.7207938487815845,
    0.0006767953305689216
  ],
  "tilt_from_sheet_normal_deg": 4.4350077942388175,
  "camera_left_mm": [
    -14.475911547224404,
    -2.5221518341641866,
    88.9990435652453
  ],
  "camera_right_mm": [
    -17.650782756874623,
    0.7793419037881545,
    89.00214353002653
  ],
  "distance_left_mm": 88.9990435652453,
  "distance_right_mm": 89.00214353002653,
  "tag_edge_mm": 6.834613188349155,
  "scale_source": "tag-edge",
  "camera_separation_mm": 4.580357814558379,
  "roll_left_deg": -114.55197089127333,
  "roll_right_deg": 64.30299982952317,
  "reprojection_error_px": {
    "left": 0.26018574508880005,
    "right": 0.21338478780371517
  },
  "tag_ids": {
    "left": [
      1,
      2,
      3
    ],
    "right": [
      1,
      2,
      3
    ]
  },
  "layout_tag_edge_units": {
    "1": [
      [
        0.7174855243003995,
        0.5038808080733891
      ],
      [
        1.703536178138871,
        0.4969748139106258
      ],
      [
        1.692951949656191,
        -0.4975062154892032
      ],
      [
        0.7175511507581344,
        -0.497113711544765
      ]
    ],
    "2": [
      [
        -0.4999999999999991,
        0.5000000000000004
      ],
      [
        0.5000000000000002,
        0.5000000000000002
      ],
      [
        0.5000000000000002,
        -0.5
      ],
      [
        -0.49999999999999933,
        -0.5000000000000001
      ]
    ],
    "3": [
      [
        -1.7138752607534697,
        0.4973238088747556
      ],
      [
        -0.7239696349387341,
        0.49483297801246295
      ],
      [
        -0.7183626730976239,
        -0.4964497138283255
      ],
      [
        -1.7068704679243512,
        -0.4920669199800226
      ]
    ]
  },
  "focal_px": 800.0
}