{
  "axis": "axis1",
  "start_mm": 0.0,
  "end_mm": 19.99999310084611,
  "tag_edge_mm": 10.62,
  "focal_results": {
    "550.0": {
      "pose_0mm": {
        "tip_mm": [
          -17.69712048396119,
          -0.1252944720185175,
          95.93520410723151
        ],
        "tip_units": [
          -1.6663955257967222,
          -0.011797972883099576,
          9.03344671442858
        ],
        "probe_axis": [
          0.03332278608210246,
          0.006303920689185144,
          -0.9994247608057701
        ],
        "baseline_dir": [
          -0.8031628845158263,
          0.5953934019255375,
          0.02088247781641243
        ],
        "tilt_from_sheet_normal_deg": 1.943491679535711,
        "camera_left_mm": [
          -15.84494997475515,
          -1.49832866182315,
          95.88704711402829
        ],
        "camera_right_mm": [
          -19.54929099316723,
          1.247739717786115,
          95.98336110043473
        ],
        "distance_left_mm": 95.88704711402829,
        "distance_right_mm": 95.98336110043473,
        "tag_edge_mm": 10.62,
        "scale_source": "tag-edge",
        "camera_separation_mm": 4.61219148671839,
        "roll_left_deg": -105.169220748708,
        "roll_right_deg": 74.03109673574158,
        "reprojection_error_px": {
          "left": 0.17475868233982436,
          "right": 0.17521933063246262
        },
        "tag_ids": {
          "left": [
            1,
            2,
            3
          ],
          "right": [
            1,
            2,
            3
          ]
        },
        "layout_tag_edge_units": {
          "1": [
            [
              0.7197540516902218,
              0.5026077055315389
            ],
            [
              1.6894747307284368,
              0.49219137815837566
            ],
            [
              1.6886366460694802,
              -0.4927696032606113
            ],
            [
              0.7179246025253587,
              -0.4965698537264899
            ]
          ],
          "2": [
            [
              -0.4999999999999998,
              0.5000000000000009
            ],
            [
              0.49999999999999933,
              0.5000000000000004
            ],
            [
              0.5000000000000004,
              -0.49999999999999994
            ],
            [
              -0.4999999999999998,
              -0.49999999999999983
            ]
          ],
          "3": [
            [
              -1.7182331785668594,
              0.49772595130116815
            ],
            [
              -0.7185537583984536,
              0.494583847893183
            ],
            [
              -0.7199439730618795,
              -0.5015576769892479
            ],
            [
              -1.7164649160886396,
              -0.49432467547400827
            ]
          ]
        },
        "focal_px": 550.0
      },
      "pose_20mm": {
        "tip_mm": [
          -18.659851530966847,
          -26.739023610482,
          96.51095081732292
        ],
        "tip_units": [
          -1.7570481667577071,
          -2.51779883337872,
          9.087660152290294
        ],
        "probe_axis": [
          0.017007051493907268,
          0.07587182073869826,
          -0.9969725307235293
        ],
        "baseline_dir": [
          -0.9977564592492759,
          0.027209045412119194,
          -0.06116956656793817
        ],
        "tilt_from_sheet_normal_deg": 4.459509887076618,
        "camera_left_mm": [
          -15.7556513475408,
          -26.818221809545708,
          96.6889989419929
        ],
        "camera_right_mm": [
          -21.564051714392896,
          -26.659825411418293,
          96.33290269265294
        ],
        "distance_left_mm": 96.6889989419929,
        "distance_right_mm": 96.33290269265294,
        "tag_edge_mm": 10.62,
        "scale_source": "tag-edge",
        "camera_separation_mm": 5.8214610519509025,
        "roll_left_deg": -68.84762215754336,
        "roll_right_deg": 109.35364983646726,
        "reprojection_error_px": {
          "left": 0.4538021340147755,
          "right": 0.4307576483401862
        },
        "tag_ids": {
          "left": [
            1,
            2,
            3
          ],
          "right": [
            1,
            2,
            3
          ]
        },
        "layout_tag_edge_units": {
          "1": [
            [
              0.7138769957869106,
              0.5040291679486189
            ],
            [
              1.6770569198064038,
              0.4693787270955556
            ],
            [
              1.6776497924594664,
              -0.5199629271030597
            ],
            [
              0.7127666436580354,
              -0.4990370914617883
            ]
          ],
          "2": [
            [
              -0.4999999999999999,
              0.4999999999999989
            ],
            [
              0.4999999999999999,
              0.49999999999999845
            ],
            [
              0.5,
              -0.5000000000000011
            ],
            [
              -0.5000000000000004,
              -0.5000000000000013
            ]
          ],
          "3": [
            [
              -1.7474566642020144,
              0.4863238110237502
            ],
            [
              -0.7304920317051395,
              0.49652084801666063
            ],
            [
              -0.7296289671725626,
              -0.5015028651963209
            ],
            [
              -1.752218702725414,
              -0.5041418544382709
            ]
          ]
        },
        "focal_px": 550.0
      },
      "comparison": {
        "probe_frame_change_deg": 35.429900217805546,
        "viewing_axis_change_deg": 4.09738478637544,
        "D_direction_change_deg": 35.28551330179923,
        "left_roll_change_deg": 36.321598591164644,
        "right_roll_change_deg": 35.322553100725656,
        "tilt_change_deg": 2.516018207540907,
        "reconstructed_tip_displacement_mm": 26.637359366096145,
        "D_before_mm": 4.61219148671839,
        "D_after_mm": 5.8214610519509025
      }
    },
    "660.0": {
      "pose_0mm": {
        "tip_mm": [
          -19.07177054928267,
          -0.3487176139444602,
          115.07577098881445
        ],
        "tip_units": [
          -1.795835268294037,
          -0.03283593351642752,
          10.835759980114357
        ],
        "probe_axis": [
          0.0397023372183407,
          0.007196407228852931,
          -0.9991856364772252
        ],
        "baseline_dir": [
          -0.756370346255937,
          0.653870626866214,
          0.018897159211326973
        ],
        "tilt_from_sheet_normal_deg": 2.31247083248029,
        "camera_left_mm": [
          -16.989717375134735,
          -2.148620823910125,
          115.02375296548358
        ],
        "camera_right_mm": [
          -21.15382372343061,
          1.4511855960212048,
          115.12778901214533
        ],
        "distance_left_mm": 115.02375296548358,
        "distance_right_mm": 115.12778901214533,
        "tag_edge_mm": 10.62,
        "scale_source": "tag-edge",
        "camera_separation_mm": 5.505380226642102,
        "roll_left_deg": -109.46254565107525,
        "roll_right_deg": 69.72168760881276,
        "reprojection_error_px": {
          "left": 0.17503978840707035,
          "right": 0.17465401363395303
        },
        "tag_ids": {
          "left": [
            1,
            2,
            3
          ],
          "right": [
            1,
            2,
            3
          ]
        },